日付,日出（JST）,日没（JST）,昼間長,夜間長
2025-01-01,07:16:27,17:08:34,9時間52分7秒,14時間7分53秒
2025-01-02,07:16:37,17:09:20,9時間52分43秒,14時間7分17秒
2025-01-03,07:16:45,17:10:07,9時間53分22秒,14時間6分38秒
2025-01-04,07:16:51,17:10:56,9時間54分5秒,14時間5分55秒
2025-01-05,07:16:55,17:11:45,9時間54分50秒,14時間5分10秒
2025-01-06,07:16:58,17:12:36,9時間55分38秒,14時間4分22秒
2025-01-07,07:16:58,17:13:27,9時間56分29秒,14時間3分31秒
2025-01-08,07:16:57,17:14:20,9時間57分23秒,14時間2分37秒
2025-01-09,07:16:54,17:15:13,9時間58分19秒,14時間1分41秒
2025-01-10,07:16:48,17:16:08,9時間59分20秒,14時間0分40秒
2025-01-11,07:16:41,17:17:03,10時間0分22秒,13時間59分38秒
2025-01-12,07:16:32,17:17:58,10時間1分26秒,13時間58分34秒
2025-01-13,07:16:21,17:18:55,10時間2分34秒,13時間57分26秒
2025-01-14,07:16:08,17:19:52,10時間3分44秒,13時間56分16秒
2025-01-15,07:15:53,17:20:50,10時間4分57秒,13時間55分3秒
2025-01-16,07:15:36,17:21:48,10時間6分12秒,13時間53分48秒
2025-01-17,07:15:18,17:22:47,10時間7分29秒,13時間52分31秒
2025-01-18,07:14:57,17:23:46,10時間8分49秒,13時間51分11秒
2025-01-19,07:14:35,17:24:46,10時間10分11秒,13時間49分49秒
2025-01-20,07:14:10,17:25:46,10時間11分36秒,13時間48分24秒
2025-01-21,07:13:44,17:26:46,10時間13分2秒,13時間46分58秒
2025-01-22,07:13:16,17:27:47,10時間14分31秒,13時間45分29秒
2025-01-23,07:12:47,17:28:48,10時間16分1秒,13時間43分59秒
2025-01-24,07:12:15,17:29:49,10時間17分34秒,13時間42分26秒
2025-01-25,07:11:42,17:30:50,10時間19分8秒,13時間40分52秒
2025-01-26,07:11:07,17:31:52,10時間20分45秒,13時間39分15秒
2025-01-27,07:10:30,17:32:53,10時間22分23秒,13時間37分37秒
2025-01-28,07:09:52,17:33:55,10時間24分3秒,13時間35分57秒
2025-01-29,07:09:12,17:34:57,10時間25分45秒,13時間34分15秒
2025-01-30,07:08:30,17:35:58,10時間27分28秒,13時間32分32秒
2025-01-31,07:07:47,17:37:00,10時間29分13秒,13時間30分47秒
2025-02-01,07:07:02,17:38:02,10時間31分0秒,13時間29分0秒
2025-02-02,07:06:15,17:39:03,10時間32分48秒,13時間27分12秒
2025-02-03,07:05:27,17:40:05,10時間34分38秒,13時間25分22秒
2025-02-04,07:04:38,17:41:06,10時間36分28秒,13時間23分32秒
2025-02-05,07:03:47,17:42:08,10時間38分21秒,13時間21分39秒
2025-02-06,07:02:55,17:43:09,10時間40分14秒,13時間19分46秒
2025-02-07,07:02:01,17:44:09,10時間42分8秒,13時間17分52秒
2025-02-08,07:01:06,17:45:10,10時間44分4秒,13時間15分56秒
2025-02-09,07:00:09,17:46:11,10時間46分2秒,13時間13分58秒
2025-02-10,06:59:11,17:47:11,10時間48分0秒,13時間12分0秒
2025-02-11,06:58:12,17:48:11,10時間49分59秒,13時間10分1秒
2025-02-12,06:57:11,17:49:10,10時間51分59秒,13時間8分1秒
2025-02-13,06:56:10,17:50:10,10時間54分0秒,13時間6分0秒
2025-02-14,06:55:07,17:51:09,10時間56分2秒,13時間3分58秒
2025-02-15,06:54:03,17:52:08,10時間58分5秒,13時間1分55秒
2025-02-16,06:52:58,17:53:06,11時間0分8秒,12時間59分52秒
2025-02-17,06:51:51,17:54:04,11時間2分13秒,12時間57分47秒
2025-02-18,06:50:44,17:55:02,11時間4分18秒,12時間55分42秒
2025-02-19,06:49:36,17:56:00,11時間6分24秒,12時間53分36秒
2025-02-20,06:48:26,17:56:57,11時間8分31秒,12時間51分29秒
2025-02-21,06:47:16,17:57:54,11時間10分38秒,12時間49分22秒
2025-02-22,06:46:05,17:58:51,11時間12分46秒,12時間47分14秒
2025-02-23,06:44:52,17:59:47,11時間14分55秒,12時間45分5秒
2025-02-24,06:43:39,18:00:43,11時間17分4秒,12時間42分56秒
2025-02-25,06:42:25,18:01:38,11時間19分13秒,12時間40分47秒
2025-02-26,06:41:10,18:02:34,11時間21分24秒,12時間38分36秒
2025-02-27,06:39:55,18:03:29,11時間23分34秒,12時間36分26秒
2025-02-28,06:38:38,18:04:23,11時間25分45秒,12時間34分15秒
2025-03-01,06:37:21,18:05:17,11時間27分56秒,12時間32分4秒
2025-03-02,06:36:04,18:06:11,11時間30分7秒,12時間29分53秒
2025-03-03,06:34:45,18:07:05,11時間32分20秒,12時間27分40秒
2025-03-04,06:33:26,18:07:58,11時間34分32秒,12時間25分28秒
2025-03-05,06:32:07,18:08:51,11時間36分44秒,12時間23分16秒
2025-03-06,06:30:46,18:09:44,11時間38分58秒,12時間21分2秒
2025-03-07,06:29:26,18:10:37,11時間41分11秒,12時間18分49秒
2025-03-08,06:28:04,18:11:29,11時間43分25秒,12時間16分35秒
2025-03-09,06:26:43,18:12:21,11時間45分38秒,12時間14分22秒
2025-03-10,06:25:20,18:13:13,11時間47分53秒,12時間12分7秒
2025-03-11,06:23:58,18:14:04,11時間50分6秒,12時間9分54秒
2025-03-12,06:22:35,18:14:55,11時間52分20秒,12時間7分40秒
2025-03-13,06:21:11,18:15:46,11時間54分35秒,12時間5分25秒
2025-03-14,06:19:48,18:16:37,11時間56分49秒,12時間3分11秒
2025-03-15,06:18:24,18:17:27,11時間59分3秒,12時間0分57秒
2025-03-16,06:17:00,18:18:18,12時間1分18秒,11時間58分42秒
2025-03-17,06:15:35,18:19:08,12時間3分33秒,11時間56分27秒
2025-03-18,06:14:11,18:19:58,12時間5分47秒,11時間54分13秒
2025-03-19,06:12:46,18:20:48,12時間8分2秒,11時間51分58秒
2025-03-20,06:11:21,18:21:38,12時間10分17秒,11時間49分43秒
2025-03-21,06:09:56,18:22:27,12時間12分31秒,11時間47分29秒
2025-03-22,06:08:30,18:23:16,12時間14分46秒,11時間45分14秒
2025-03-23,06:07:05,18:24:06,12時間17分1秒,11時間42分59秒
2025-03-24,06:05:40,18:24:55,12時間19分15秒,11時間40分45秒
2025-03-25,06:04:15,18:25:44,12時間21分29秒,11時間38分31秒
2025-03-26,06:02:49,18:26:33,12時間23分44秒,11時間36分16秒
2025-03-27,06:01:24,18:27:22,12時間25分58秒,11時間34分2秒
2025-03-28,05:59:59,18:28:11,12時間28分12秒,11時間31分48秒
2025-03-29,05:58:34,18:29:00,12時間30分26秒,11時間29分34秒
2025-03-30,05:57:10,18:29:48,12時間32分38秒,11時間27分22秒
2025-03-31,05:55:45,18:30:37,12時間34分52秒,11時間25分8秒
2025-04-01,05:54:20,18:31:26,12時間37分6秒,11時間22分54秒
2025-04-02,05:52:56,18:32:15,12時間39分19秒,11時間20分41秒
2025-04-03,05:51:32,18:33:03,12時間41分31秒,11時間18分29秒
2025-04-04,05:50:09,18:33:52,12時間43分43秒,11時間16分17秒
2025-04-05,05:48:45,18:34:41,12時間45分56秒,11時間14分4秒
2025-04-06,05:47:23,18:35:30,12時間48分7秒,11時間11分53秒
2025-04-07,05:46:00,18:36:18,12時間50分18秒,11時間9分42秒
2025-04-08,05:44:38,18:37:07,12時間52分29秒,11時間7分31秒
2025-04-09,05:43:16,18:37:56,12時間54分40秒,11時間5分20秒
2025-04-10,05:41:55,18:38:45,12時間56分50秒,11時間3分10秒
2025-04-11,05:40:34,18:39:34,12時間59分0秒,11時間1分0秒
2025-04-12,05:39:14,18:40:23,13時間1分9秒,10時間58分51秒
2025-04-13,05:37:54,18:41:12,13時間3分18秒,10時間56分42秒
2025-04-14,05:36:35,18:42:01,13時間5分26秒,10時間54分34秒
2025-04-15,05:35:17,18:42:50,13時間7分33秒,10時間52分27秒
2025-04-16,05:33:59,18:43:39,13時間9分40秒,10時間50分20秒
2025-04-17,05:32:42,18:44:29,13時間11分47秒,10時間48分13秒
2025-04-18,05:31:25,18:45:18,13時間13分53秒,10時間46分7秒
2025-04-19,05:30:10,18:46:07,13時間15分57秒,10時間44分3秒
2025-04-20,05:28:55,18:46:57,13時間18分2秒,10時間41分58秒
2025-04-21,05:27:41,18:47:46,13時間20分5秒,10時間39分55秒
2025-04-22,05:26:27,18:48:36,13時間22分9秒,10時間37分51秒
2025-04-23,05:25:15,18:49:26,13時間24分11秒,10時間35分49秒
2025-04-24,05:24:03,18:50:15,13時間26分12秒,10時間33分48秒
2025-04-25,05:22:53,18:51:05,13時間28分12秒,10時間31分48秒
2025-04-26,05:21:43,18:51:55,13時間30分12秒,10時間29分48秒
2025-04-27,05:20:34,18:52:45,13時間32分11秒,10時間27分49秒
2025-04-28,05:19:26,18:53:35,13時間34分9秒,10時間25分51秒
2025-04-29,05:18:20,18:54:24,13時間36分4秒,10時間23分56秒
2025-04-30,05:17:14,18:55:14,13時間38分0秒,10時間22分0秒
2025-05-01,05:16:09,18:56:04,13時間39分55秒,10時間20分5秒
2025-05-02,05:15:06,18:56:54,13時間41分48秒,10時間18分12秒
2025-05-03,05:14:03,18:57:44,13時間43分41秒,10時間16分19秒
2025-05-04,05:13:02,18:58:33,13時間45分31秒,10時間14分29秒
2025-05-05,05:12:02,18:59:23,13時間47分21秒,10時間12分39秒
2025-05-06,05:11:03,19:00:13,13時間49分10秒,10時間10分50秒
2025-05-07,05:10:05,19:01:02,13時間50分57秒,10時間9分3秒
2025-05-08,05:09:09,19:01:51,13時間52分42秒,10時間7分18秒
2025-05-09,05:08:14,19:02:41,13時間54分27秒,10時間5分33秒
2025-05-10,05:07:20,19:03:30,13時間56分10秒,10時間3分50秒
2025-05-11,05:06:27,19:04:18,13時間57分51秒,10時間2分9秒
2025-05-12,05:05:36,19:05:07,13時間59分31秒,10時間0分29秒
2025-05-13,05:04:47,19:05:55,14時間1分8秒,9時間58分52秒
2025-05-14,05:03:58,19:06:44,14時間2分46秒,9時間57分14秒
2025-05-15,05:03:11,19:07:31,14時間4分20秒,9時間55分40秒
2025-05-16,05:02:26,19:08:19,14時間5分53秒,9時間54分7秒
2025-05-17,05:01:42,19:09:06,14時間7分24秒,9時間52分36秒
2025-05-18,05:00:59,19:09:53,14時間8分54秒,9時間51分6秒
2025-05-19,05:00:18,19:10:39,14時間10分21秒,9時間49分39秒
2025-05-20,04:59:39,19:11:25,14時間11分46秒,9時間48分14秒
2025-05-21,04:59:01,19:12:11,14時間13分10秒,9時間46分50秒
2025-05-22,04:58:25,19:12:56,14時間14分31秒,9時間45分29秒
2025-05-23,04:57:50,19:13:40,14時間15分50秒,9時間44分10秒
2025-05-24,04:57:17,19:14:24,14時間17分7秒,9時間42分53秒
2025-05-25,04:56:45,19:15:07,14時間18分22秒,9時間41分38秒
2025-05-26,04:56:15,19:15:50,14時間19分35秒,9時間40分25秒
2025-05-27,04:55:47,19:16:32,14時間20分45秒,9時間39分15秒
2025-05-28,04:55:20,19:17:13,14時間21分53秒,9時間38分7秒
2025-05-29,04:54:55,19:17:54,14時間22分59秒,9時間37分1秒
2025-05-30,04:54:32,19:18:34,14時間24分2秒,9時間35分58秒
2025-05-31,04:54:10,19:19:12,14時間25分2秒,9時間34分58秒
2025-06-01,04:53:50,19:19:51,14時間26分1秒,9時間33分59秒
2025-06-02,04:53:31,19:20:28,14時間26分57秒,9時間33分3秒
2025-06-03,04:53:15,19:21:04,14時間27分49秒,9時間32分11秒
2025-06-04,04:53:00,19:21:39,14時間28分39秒,9時間31分21秒
2025-06-05,04:52:46,19:22:14,14時間29分28秒,9時間30分32秒
2025-06-06,04:52:35,19:22:47,14時間30分12秒,9時間29分48秒
2025-06-07,04:52:25,19:23:19,14時間30分54秒,9時間29分6秒
2025-06-08,04:52:16,19:23:50,14時間31分34秒,9時間28分26秒
2025-06-09,04:52:10,19:24:20,14時間32分10秒,9時間27分50秒
2025-06-10,04:52:05,19:24:49,14時間32分44秒,9時間27分16秒
2025-06-11,04:52:01,19:25:17,14時間33分16秒,9時間26分44秒
2025-06-12,04:52:00,19:25:43,14時間33分43秒,9時間26分17秒
2025-06-13,04:52:00,19:26:08,14時間34分8秒,9時間25分52秒
2025-06-14,04:52:01,19:26:32,14時間34分31秒,9時間25分29秒
2025-06-15,04:52:04,19:26:54,14時間34分50秒,9時間25分10秒
2025-06-16,04:52:09,19:27:15,14時間35分6秒,9時間24分54秒
2025-06-17,04:52:15,19:27:35,14時間35分20秒,9時間24分40秒
2025-06-18,04:52:23,19:27:53,14時間35分30秒,9時間24分30秒
2025-06-19,04:52:32,19:28:10,14時間35分38秒,9時間24分22秒
2025-06-20,04:52:43,19:28:25,14時間35分42秒,9時間24分18秒
2025-06-21,04:52:56,19:28:39,14時間35分43秒,9時間24分17秒
2025-06-22,04:53:10,19:28:51,14時間35分41秒,9時間24分19秒
2025-06-23,04:53:25,19:29:02,14時間35分37秒,9時間24分23秒
2025-06-24,04:53:42,19:29:11,14時間35分29秒,9時間24分31秒
2025-06-25,04:54:00,19:29:19,14時間35分19秒,9時間24分41秒
2025-06-26,04:54:19,19:29:25,14時間35分6秒,9時間24分54秒
2025-06-27,04:54:40,19:29:29,14時間34分49秒,9時間25分11秒
2025-06-28,04:55:02,19:29:32,14時間34分30秒,9時間25分30秒
2025-06-29,04:55:25,19:29:33,14時間34分8秒,9時間25分52秒
2025-06-30,04:55:50,19:29:32,14時間33分42秒,9時間26分18秒
2025-07-01,04:56:16,19:29:29,14時間33分13秒,9時間26分47秒
2025-07-02,04:56:42,19:29:25,14時間32分43秒,9時間27分17秒
2025-07-03,04:57:11,19:29:20,14時間32分9秒,9時間27分51秒
2025-07-04,04:57:40,19:29:12,14時間31分32秒,9時間28分28秒
2025-07-05,04:58:10,19:29:03,14時間30分53秒,9時間29分7秒
2025-07-06,04:58:41,19:28:52,14時間30分11秒,9時間29分49秒
2025-07-07,04:59:13,19:28:39,14時間29分26秒,9時間30分34秒
2025-07-08,04:59:47,19:28:25,14時間28分38秒,9時間31分22秒
2025-07-09,05:00:21,19:28:09,14時間27分48秒,9時間32分12秒
2025-07-10,05:00:56,19:27:51,14時間26分55秒,9時間33分5秒
2025-07-11,05:01:32,19:27:32,14時間26分0秒,9時間34分0秒
2025-07-12,05:02:08,19:27:11,14時間25分3秒,9時間34分57秒
2025-07-13,05:02:46,19:26:48,14時間24分2秒,9時間35分58秒
2025-07-14,05:03:24,19:26:23,14時間22分59秒,9時間37分1秒
2025-07-15,05:04:03,19:25:57,14時間21分54秒,9時間38分6秒
2025-07-16,05:04:42,19:25:29,14時間20分47秒,9時間39分13秒
2025-07-17,05:05:23,19:24:59,14時間19分36秒,9時間40分24秒
2025-07-18,05:06:03,19:24:28,14時間18分25秒,9時間41分35秒
2025-07-19,05:06:45,19:23:55,14時間17分10秒,9時間42分50秒
2025-07-20,05:07:27,19:23:20,14時間15分53秒,9時間44分7秒
2025-07-21,05:08:09,19:22:44,14時間14分35秒,9時間45分25秒
2025-07-22,05:08:52,19:22:06,14時間13分14秒,9時間46分46秒
2025-07-23,05:09:35,19:21:27,14時間11分52秒,9時間48分8秒
2025-07-24,05:10:19,19:20:46,14時間10分27秒,9時間49分33秒
2025-07-25,05:11:03,19:20:03,14時間9分0秒,9時間51分0秒
2025-07-26,05:11:47,19:19:19,14時間7分32秒,9時間52分28秒
2025-07-27,05:12:32,19:18:34,14時間6分2秒,9時間53分58秒
2025-07-28,05:13:17,19:17:47,14時間4分30秒,9時間55分30秒
2025-07-29,05:14:02,19:16:58,14時間2分56秒,9時間57分4秒
2025-07-30,05:14:47,19:16:09,14時間1分22秒,9時間58分38秒
2025-07-31,05:15:33,19:15:17,13時間59分44秒,10時間0分16秒
2025-08-01,05:16:19,19:14:24,13時間58分5秒,10時間1分55秒
2025-08-02,05:17:05,19:13:30,13時間56分25秒,10時間3分35秒
2025-08-03,05:17:51,19:12:35,13時間54分44秒,10時間5分16秒
2025-08-04,05:18:37,19:11:38,13時間53分1秒,10時間6分59秒
2025-08-05,05:19:23,19:10:40,13時間51分17秒,10時間8分43秒
2025-08-06,05:20:10,19:09:41,13時間49分31秒,10時間10分29秒
2025-08-07,05:20:56,19:08:40,13時間47分44秒,10時間12分16秒
2025-08-08,05:21:43,19:07:38,13時間45分55秒,10時間14分5秒
2025-08-09,05:22:29,19:06:35,13時間44分6秒,10時間15分54秒
2025-08-10,05:23:16,19:05:31,13時間42分15秒,10時間17分45秒
2025-08-11,05:24:02,19:04:26,13時間40分24秒,10時間19分36秒
2025-08-12,05:24:49,19:03:20,13時間38分31秒,10時間21分29秒
2025-08-13,05:25:35,19:02:12,13時間36分37秒,10時間23分23秒
2025-08-14,05:26:21,19:01:04,13時間34分43秒,10時間25分17秒
2025-08-15,05:27:08,18:59:54,13時間32分46秒,10時間27分14秒
2025-08-16,05:27:54,18:58:43,13時間30分49秒,10時間29分11秒
2025-08-17,05:28:40,18:57:32,13時間28分52秒,10時間31分8秒
2025-08-18,05:29:26,18:56:19,13時間26分53秒,10時間33分7秒
2025-08-19,05:30:13,18:55:06,13時間24分53秒,10時間35分7秒
2025-08-20,05:30:59,18:53:52,13時間22分53秒,10時間37分7秒
2025-08-21,05:31:44,18:52:37,13時間20分53秒,10時間39分7秒
2025-08-22,05:32:30,18:51:21,13時間18分51秒,10時間41分9秒
2025-08-23,05:33:16,18:50:04,13時間16分48秒,10時間43分12秒
2025-08-24,05:34:02,18:48:46,13時間14分44秒,10時間45分16秒
2025-08-25,05:34:47,18:47:28,13時間12分41秒,10時間47分19秒
2025-08-26,05:35:32,18:46:09,13時間10分37秒,10時間49分23秒
2025-08-27,05:36:18,18:44:49,13時間8分31秒,10時間51分29秒
2025-08-28,05:37:03,18:43:29,13時間6分26秒,10時間53分34秒
2025-08-29,05:37:48,18:42:08,13時間4分20秒,10時間55分40秒
2025-08-30,05:38:33,18:40:46,13時間2分13秒,10時間57分47秒
2025-08-31,05:39:18,18:39:24,13時間0分6秒,10時間59分54秒
2025-09-01,05:40:03,18:38:01,12時間57分58秒,11時間2分2秒
2025-09-02,05:40:48,18:36:38,12時間55分50秒,11時間4分10秒
2025-09-03,05:41:32,18:35:15,12時間53分43秒,11時間6分17秒
2025-09-04,05:42:17,18:33:50,12時間51分33秒,11時間8分27秒
2025-09-05,05:43:02,18:32:26,12時間49分24秒,11時間10分36秒
2025-09-06,05:43:46,18:31:01,12時間47分15秒,11時間12分45秒
2025-09-07,05:44:31,18:29:35,12時間45分4秒,11時間14分56秒
2025-09-08,05:45:15,18:28:10,12時間42分55秒,11時間17分5秒
2025-09-09,05:46:00,18:26:44,12時間40分44秒,11時間19分16秒
2025-09-10,05:46:44,18:25:17,12時間38分33秒,11時間21分27秒
2025-09-11,05:47:28,18:23:51,12時間36分23秒,11時間23分37秒
2025-09-12,05:48:13,18:22:24,12時間34分11秒,11時間25分49秒
2025-09-13,05:48:57,18:20:57,12時間32分0秒,11時間28分0秒
2025-09-14,05:49:42,18:19:30,12時間29分48秒,11時間30分12秒
2025-09-15,05:50:26,18:18:03,12時間27分37秒,11時間32分23秒
2025-09-16,05:51:11,18:16:35,12時間25分24秒,11時間34分36秒
2025-09-17,05:51:55,18:15:08,12時間23分13秒,11時間36分47秒
2025-09-18,05:52:40,18:13:40,12時間21分0秒,11時間39分0秒
2025-09-19,05:53:25,18:12:13,12時間18分48秒,11時間41分12秒
2025-09-20,05:54:10,18:10:45,12時間16分35秒,11時間43分25秒
2025-09-21,05:54:54,18:09:18,12時間14分24秒,11時間45分36秒
2025-09-22,05:55:39,18:07:50,12時間12分11秒,11時間47分49秒
2025-09-23,05:56:25,18:06:23,12時間9分58秒,11時間50分2秒
2025-09-24,05:57:10,18:04:55,12時間7分45秒,11時間52分15秒
2025-09-25,05:57:55,18:03:28,12時間5分33秒,11時間54分27秒
2025-09-26,05:58:41,18:02:01,12時間3分20秒,11時間56分40秒
2025-09-27,05:59:27,18:00:35,12時間1分8秒,11時間58分52秒
2025-09-28,06:00:13,17:59:08,11時間58分55秒,12時間1分5秒
2025-09-29,06:00:59,17:57:42,11時間56分43秒,12時間3分17秒
2025-09-30,06:01:45,17:56:16,11時間54分31秒,12時間5分29秒
2025-10-01,06:02:32,17:54:50,11時間52分18秒,12時間7分42秒
2025-10-02,06:03:19,17:53:25,11時間50分6秒,12時間9分54秒
2025-10-03,06:04:06,17:52:00,11時間47分54秒,12時間12分6秒
2025-10-04,06:04:53,17:50:35,11時間45分42秒,12時間14分18秒
2025-10-05,06:05:41,17:49:11,11時間43分30秒,12時間16分30秒
2025-10-06,06:06:29,17:47:48,11時間41分19秒,12時間18分41秒
2025-10-07,06:07:17,17:46:25,11時間39分8秒,12時間20分52秒
2025-10-08,06:08:05,17:45:02,11時間36分57秒,12時間23分3秒
2025-10-09,06:08:54,17:43:40,11時間34分46秒,12時間25分14秒
2025-10-10,06:09:43,17:42:19,11時間32分36秒,12時間27分24秒
2025-10-11,06:10:33,17:40:58,11時間30分25秒,12時間29分35秒
2025-10-12,06:11:22,17:39:38,11時間28分16秒,12時間31分44秒
2025-10-13,06:12:12,17:38:18,11時間26分6秒,12時間33分54秒
2025-10-14,06:13:03,17:36:59,11時間23分56秒,12時間36分4秒
2025-10-15,06:13:53,17:35:41,11時間21分48秒,12時間38分12秒
2025-10-16,06:14:45,17:34:24,11時間19分39秒,12時間40分21秒
2025-10-17,06:15:36,17:33:08,11時間17分32秒,12時間42分28秒
2025-10-18,06:16:28,17:31:52,11時間15分24秒,12時間44分36秒
2025-10-19,06:17:20,17:30:37,11時間13分17秒,12時間46分43秒
2025-10-20,06:18:12,17:29:24,11時間11分12秒,12時間48分48秒
2025-10-21,06:19:05,17:28:11,11時間9分6秒,12時間50分54秒
2025-10-22,06:19:58,17:26:59,11時間7分1秒,12時間52分59秒
2025-10-23,06:20:52,17:25:48,11時間4分56秒,12時間55分4秒
2025-10-24,06:21:46,17:24:38,11時間2分52秒,12時間57分8秒
2025-10-25,06:22:40,17:23:29,11時間0分49秒,12時間59分11秒
2025-10-26,06:23:35,17:22:21,10時間58分46秒,13時間1分14秒
2025-10-27,06:24:30,17:21:15,10時間56分45秒,13時間3分15秒
2025-10-28,06:25:25,17:20:09,10時間54分44秒,13時間5分16秒
2025-10-29,06:26:21,17:19:05,10時間52分44秒,13時間7分16秒
2025-10-30,06:27:17,17:18:02,10時間50分45秒,13時間9分15秒
2025-10-31,06:28:13,17:17:00,10時間48分47秒,13時間11分13秒
2025-11-01,06:29:09,17:16:00,10時間46分51秒,13時間13分9秒
2025-11-02,06:30:06,17:15:00,10時間44分54秒,13時間15分6秒
2025-11-03,06:31:03,17:14:02,10時間42分59秒,13時間17分1秒
2025-11-04,06:32:01,17:13:06,10時間41分5秒,13時間18分55秒
2025-11-05,06:32:58,17:12:11,10時間39分13秒,13時間20分47秒
2025-11-06,06:33:56,17:11:17,10時間37分21秒,13時間22分39秒
2025-11-07,06:34:54,17:10:25,10時間35分31秒,13時間24分29秒
2025-11-08,06:35:53,17:09:34,10時間33分41秒,13時間26分19秒
2025-11-09,06:36:51,17:08:45,10時間31分54秒,13時間28分6秒
2025-11-10,06:37:50,17:07:57,10時間30分7秒,13時間29分53秒
2025-11-11,06:38:48,17:07:11,10時間28分23秒,13時間31分37秒
2025-11-12,06:39:47,17:06:27,10時間26分40秒,13時間33分20秒
2025-11-13,06:40:46,17:05:44,10時間24分58秒,13時間35分2秒
2025-11-14,06:41:45,17:05:03,10時間23分18秒,13時間36分42秒
2025-11-15,06:42:44,17:04:23,10時間21分39秒,13時間38分21秒
2025-11-16,06:43:43,17:03:45,10時間20分2秒,13時間39分58秒
2025-11-17,06:44:41,17:03:09,10時間18分28秒,13時間41分32秒
2025-11-18,06:45:40,17:02:35,10時間16分55秒,13時間43分5秒
2025-11-19,06:46:39,17:02:03,10時間15分24秒,13時間44分36秒
2025-11-20,06:47:37,17:01:32,10時間13分55秒,13時間46分5秒
2025-11-21,06:48:35,17:01:03,10時間12分28秒,13時間47分32秒
2025-11-22,06:49:33,17:00:36,10時間11分3秒,13時間48分57秒
2025-11-23,06:50:31,17:00:11,10時間9分40秒,13時間50分20秒
2025-11-24,06:51:28,16:59:48,10時間8分20秒,13時間51分40秒
2025-11-25,06:52:25,16:59:26,10時間7分1秒,13時間52分59秒
2025-11-26,06:53:22,16:59:07,10時間5分45秒,13時間54分15秒
2025-11-27,06:54:18,16:58:49,10時間4分31秒,13時間55分29秒
2025-11-28,06:55:14,16:58:34,10時間3分20秒,13時間56分40秒
2025-11-29,06:56:09,16:58:20,10時間2分11秒,13時間57分49秒
2025-11-30,06:57:03,16:58:08,10時間1分5秒,13時間58分55秒
2025-12-01,06:57:57,16:57:58,10時間0分1秒,13時間59分59秒
2025-12-02,06:58:51,16:57:51,9時間59分0秒,14時間1分0秒
2025-12-03,06:59:43,16:57:45,9時間58分2秒,14時間1分58秒
2025-12-04,07:00:35,16:57:41,9時間57分6秒,14時間2分54秒
2025-12-05,07:01:26,16:57:39,9時間56分13秒,14時間3分47秒
2025-12-06,07:02:16,16:57:39,9時間55分23秒,14時間4分37秒
2025-12-07,07:03:05,16:57:41,9時間54分36秒,14時間5分24秒
2025-12-08,07:03:53,16:57:45,9時間53分52秒,14時間6分8秒
2025-12-09,07:04:40,16:57:51,9時間53分11秒,14時間6分49秒
2025-12-10,07:05:26,16:57:59,9時間52分33秒,14時間7分27秒
2025-12-11,07:06:11,16:58:09,9時間51分58秒,14時間8分2秒
2025-12-12,07:06:55,16:58:21,9時間51分26秒,14時間8分34秒
2025-12-13,07:07:38,16:58:34,9時間50分56秒,14時間9分4秒
2025-12-14,07:08:19,16:58:50,9時間50分31秒,14時間9分29秒
2025-12-15,07:08:59,16:59:07,9時間50分8秒,14時間9分52秒
2025-12-16,07:09:38,16:59:27,9時間49分49秒,14時間10分11秒
2025-12-17,07:10:15,16:59:48,9時間49分33秒,14時間10分27秒
2025-12-18,07:10:51,17:00:11,9時間49分20秒,14時間10分40秒
2025-12-19,07:11:25,17:00:35,9時間49分10秒,14時間10分50秒
2025-12-20,07:11:58,17:01:02,9時間49分4秒,14時間10分56秒
2025-12-21,07:12:30,17:01:30,9時間49分0秒,14時間11分0秒
2025-12-22,07:12:59,17:02:00,9時間49分1秒,14時間10分59秒
2025-12-23,07:13:28,17:02:31,9時間49分3秒,14時間10分57秒
2025-12-24,07:13:54,17:03:04,9時間49分10秒,14時間10分50秒
2025-12-25,07:14:19,17:03:39,9時間49分20秒,14時間10分40秒
2025-12-26,07:14:42,17:04:15,9時間49分33秒,14時間10分27秒
2025-12-27,07:15:04,17:04:53,9時間49分49秒,14時間10分11秒
2025-12-28,07:15:23,17:05:32,9時間50分9秒,14時間9分51秒
2025-12-29,07:15:41,17:06:13,9時間50分32秒,14時間9分28秒
2025-12-30,07:15:57,17:06:55,9時間50分58秒,14時間9分2秒
2025-12-31,07:16:11,17:07:38,9時間51分27秒,14時間8分33秒